<?xml version="1.0" encoding="utf-8"?>
<ModMetaData>
	<name>Extended Storage</name>	
	<author>(see description)</author>
	<description xml:whitespace="preserve">Adds additional storage buildings that multi stack items. Auto sort by Fluffy, Harmony by spdskatr

Authors: Skullywag, Fluffy, spdskatr, DoctorVanGogh, Terragg
</description>
    <packageId>Skullywag.ExtendedStorage</packageId>   
  <supportedVersions>
    <li>1.0</li>
    <li>1.1</li>
  </supportedVersions>
  <modDependenciesByVersion>
      <v1.1>
          <li>
              <packageId>brrainz.harmony</packageId>
              <displayName>Harmony</displayName>
              <steamWorkshopUrl>steam://url/CommunityFilePage/2009463077</steamWorkshopUrl>
              <downloadUrl>https://github.com/pardeike/HarmonyRimWorld/releases/latest</downloadUrl>
          </li>
      </v1.1>
  </modDependenciesByVersion>
  <loadAfter>
    <li>brrainz.harmony</li>
  </loadAfter>
</ModMetaData>